NDVI_mean,NDVI_max,NDVI_min,NDVI_std,Rice Yield (kg/ha),Field size (ha),"Rice Crop Intensity(D=Double, T=Triple)"
0.33965930299955893,0.5202622260976374,-0.04017329657345407,0.16645416085783873,5500,3.4,T
0.3403507116919615,0.5211637947269758,-0.04017329657345411,0.16466506271854886,6000,2.43,T
0.344804031679933,0.5218254737081522,-0.05918524212144502,0.18270825826366238,6400,1.95,D
0.34132981713946564,0.5227599808996773,-0.030354449472096506,0.17355723728554934,6000,4.3,T
0.3302859653553217,0.4998804178023566,-0.04017329657345417,0.15484637984021046,6400,3.3,D
0.3467576273649236,0.5173021242976384,-0.021338155515370712,0.16916731423606682,5500,3.5,T
0.3449783292132156,0.5243167837881217,-0.030354449472096583,0.1771824389037374,6600,2.0,T
0.3432911628018899,0.5175024921536064,-0.028678059320369327,0.176784185169938,6000,4.0,T
0.34585827085710225,0.5150393909517952,-0.021338155515370712,0.17014803144761945,5500,3.0,T
0.34587406445554847,0.5162225734119041,-0.02133815551537073,0.17053204980046432,6000,5.0,T
0.3433416829194263,0.5132441916491668,-0.05918524212144502,0.18231305972405237,5500,4.0,T
0.3369618709151413,0.5153393736762851,-0.04017329657345417,0.16621020969381783,6500,3.5,T
0.32751610127015945,0.49007704184495265,-0.04017329657345417,0.14956638691709068,5500,2.03,T
0.32958344757458213,0.5004222478638007,-0.04017329657345411,0.15644194339254575,5500,2.8,T
0.3443419453018275,0.518047393605078,-0.04017329657345411,0.14404009731762768,6500,2.0,T
0.34494102135077903,0.5192452223489724,-0.030354449472096583,0.17013847669623003,6400,3.0,T
0.33616383767345714,0.5066594942949383,-0.04017329657345411,0.15896640327676137,5500,4.0,D
0.35146131243559825,0.5168156426521302,-0.021338155515370712,0.16125286069381256,5500,2.5,T
0.3478788714460332,0.5244166060883896,-0.04033928395305263,0.1816329053462454,5500,2.25,D
0.34505550246363675,0.5205341202051439,-0.044188054312848266,0.17886636229522773,5500,4.9,D
0.3802941426486163,0.5352357240671844,0.1278306073038968,0.14726084639848394,6600,2.0,D
0.3461404872750514,0.5458441754162427,0.00040371417036735055,0.16524354435790992,5500,3.0,D
0.3621409248220616,0.539886423860011,0.011110090900743731,0.16357690468094047,5500,2.0,T
0.36094501319126054,0.5427315277741392,0.006229753301769232,0.1613983835260289,6500,1.7,T
0.3211704278829578,0.5361226717549191,-0.05395232120451693,0.18820987143103604,6000,1.2,T
0.35116349422837456,0.5389616634770897,0.025975240886837773,0.1652399361647429,5500,2.1,T
0.37318953255657716,0.5377319296428542,0.04117477684998557,0.13121200198172944,6400,3.0,T
0.3277147962196752,0.4672819422343197,-0.014526894385551634,0.13374127619207873,6600,3.2,T
0.32350296264998707,0.4636836849870615,-0.014526894385551634,0.13534439408029406,6000,1.75,D
0.3136320621004936,0.46305395426639145,-0.014526894385551634,0.12675037703387274,6500,3.0,D
0.38062177469492775,0.5169988753121256,0.23002828750018,0.08868600187517162,6000,4.0,T
0.3415050024935051,0.46990968991865695,-0.014526894385551634,0.13595257064936844,6400,2.5,T
0.3872469888230404,0.5270199900488939,0.19832632295463787,0.09853988603276646,6000,5.0,T
0.3948865243325576,0.5188949165003769,0.23468996926405825,0.09103194223795992,6500,2.0,T
0.34152597248340855,0.463943682464726,-0.0033862985152383687,0.1038447098144767,5500,1.91,T
0.3211788096496989,0.45913307008723403,-0.014526894385551561,0.12749795510722006,6400,2.5,D
0.3334584805824587,0.4691282167783402,-0.014526894385551646,0.13331123955307006,6400,2.0,D
0.3375966434266142,0.4683373267176742,-0.014526894385551561,0.13625108200838001,6500,2.3,D
0.332797634495548,0.4666099050687188,-0.014526894385551561,0.13264728549264734,5500,3.0,D
0.3316573803680013,0.4710205229207569,-0.014526894385551561,0.13270644027571576,6600,2.2,D
0.35449035149658487,0.475464726923345,-0.010046557216368514,0.11307888475951848,5500,2.3,D
0.34091488611381293,0.47282210010018855,-0.014526894385551634,0.13634772364433592,6000,3.34,D
0.40182049976053535,0.5275302354000179,0.23549879247505498,0.09097091252859853,5500,1.65,T
0.3649809276290098,0.49506617241321327,-0.01556886227544909,0.12057030609684843,5500,4.0,T
0.3684320642726324,0.5250991244146194,0.07002606429192008,0.11168312128818841,6500,3.0,D
0.3738129052007084,0.5078539926023012,0.07002606429192008,0.09794842215443023,6000,2.0,T
0.373576077215166,0.5080493265287725,0.07002606429192008,0.10365929548628697,6000,1.3,T
0.3736271003328624,0.5088408764573562,0.07002606429192008,0.09921241071019354,6000,1.45,T
0.37932508534275466,0.5133508063097871,0.07002606429192,0.10373184518597262,6000,1.6,T
0.3768962221977918,0.53803496868476,0.07002606429192008,0.11097376868092769,5500,2.0,T
0.3903368686253315,0.5434047115270999,0.19286590729906417,0.09001914152083994,6000,1.8,T
0.3815887241288406,0.5236187613861891,0.07002606429192,0.10655257010160818,6000,5.0,T
0.37649590403168004,0.530472502116357,-0.0003824091778202398,0.11794435703412867,6000,5.0,T
0.39000229235323436,0.5038007194242731,0.25299549138754984,0.07909919212145732,6500,3.6,T
0.3966851022831732,0.5032938384091709,0.2682254514751542,0.07664752384937966,6400,2.3,T
0.3593449137743805,0.5021063691758556,-0.010140616549486179,0.11962029115237086,6400,2.0,T
0.3604737043200386,0.49787400584181396,-0.009546351084812589,0.11825294979369218,5500,2.0,T
0.36225834787549593,0.5044832197244388,-0.009546351084812606,0.12177997959699846,5500,1.95,T
0.36162359611493944,0.5059429941612247,-0.011612903225806496,0.12610853245993556,6500,1.4,T
0.3608029643303585,0.5071136991837173,-0.01161290322580648,0.1247813686861708,5500,2.6,T
0.3652827823401072,0.5082849478813709,-0.02400237794456414,0.1292978139244001,6500,2.0,T
0.3688464542106016,0.5122158827464978,-0.05918524212144502,0.13892297795086678,6500,1.65,T
0.39094812074228946,0.5460539349276332,0.19279291272732008,0.09974525716279647,6000,2.56,T
0.37201834312983834,0.5186348212551247,-0.05918524212144502,0.14811733327002244,6000,1.5,T
0.3760510470640521,0.5389341633018296,0.07002606429192008,0.11795458237472264,6400,1.74,D
0.35229861305324883,0.5167796205150349,-0.022264150943396267,0.1693666444157204,6000,1.7,T
0.3523434521416893,0.5149191718641614,-0.02133815551537073,0.164625305140044,6500,1.7,T
0.35194675432483113,0.5172045211877103,-0.02133815551537073,0.16154803502152898,5500,3.6,T
0.3532004365356183,0.5027374900910709,-0.01161290322580648,0.12160650031424039,6400,2.7,T
0.3584988085926686,0.5013465627674809,-0.011887720171780606,0.11963294957450045,5500,1.8,T
0.35435138347763245,0.48434123008401586,-0.0052535489399753625,0.11373826368328561,5500,1.5,T
0.3565881065644286,0.49229748033653864,-0.007720438845997622,0.11548381661360335,6500,2.3,T
0.3483747623113215,0.4745770775159893,-0.014853472501003613,0.11049553042192128,5500,2.3,T
0.38389705939059693,0.675128128549811,0.04700350111913939,0.18740723452913316,6800,3.4,T
0.37333151782721313,0.6731568439598404,0.05259966858074332,0.18247131795436639,7200,2.43,T
0.36820061336207965,0.6678748759751214,0.05137414431881495,0.17863664359511708,8000,3.5,T
0.38034185849854213,0.7019636509962291,0.0334888964778392,0.19449708725829035,7040,2.0,T
0.3802103212025269,0.6913714148346072,0.030516447917673648,0.19633853615092384,7600,4.3,T
0.3867853787912188,0.6714851118710989,0.03718187874984055,0.1880147486094458,7760,3.5,T
0.3787859058307192,0.705894999902439,0.029959312818801476,0.20071752499376194,6400,2.0,T
0.3817328391718946,0.7015752344579556,0.03000539277810613,0.1969794332280722,7200,4.0,T
0.3847190836837867,0.6938537949459906,0.02978477316536569,0.19434782197650607,6800,7.0,T
0.3866078374981963,0.6868121269563126,0.03044171000598944,0.18951752499344182,7200,3.0,T
0.3831241244057755,0.6997660709750214,0.02343129112713233,0.19365128439938434,8000,1.3,T
0.3896796729405644,0.7115902549728967,0.027425286179040977,0.19550822349382177,7200,1.95,D
0.3792907967085481,0.5617494074571361,0.13325702277066442,0.13625794638165073,7200,2.95,D
0.380320037205173,0.5597301909735377,0.12917626014323244,0.13664186390079452,7040,3.03,D
0.37612657475071193,0.5808203944764088,0.11315865442575193,0.14094915311824716,6400,1.2,D
0.3771946564078848,0.6241152306086934,0.08440253909345315,0.16367163676342059,8000,2.8,T
0.37747682307033403,0.5898500661369905,0.11424985969835959,0.14646063128853962,8000,2.0,T
0.37537502753009794,0.6316674322584775,0.08048683338844012,0.16663111408575415,6880,2.9,T
0.3783101171050114,0.6347107947574208,0.08111659391628627,0.1673218611856469,6400,5.4,T
0.353339577566497,0.5888884702729272,0.10371082131142578,0.1476568367136481,7760,2.0,T
0.35894119242569716,0.5923731926365401,0.09205850226032722,0.15343787484354277,7040,4.9,D
0.367283627288413,0.6399616248404424,0.07589743783624174,0.16641900096223444,6400,2.1,D
0.3524378382360876,0.5671351347602754,0.08576455630746953,0.1455062894553027,7200,1.55,D
0.3698793732258951,0.6487184532173147,0.07196737865791276,0.16938678020936399,6800,4.0,D
0.4140593752779777,0.8204928972313932,0.08591386853729636,0.21738978224918876,7200,3.0,D
0.3928498594644168,0.7199480597404015,0.04042312853261637,0.2028229578821536,7600,3.0,D
0.398035809748854,0.6954310757223207,0.04897694819261389,0.19102982896843232,7200,1.4,T
0.3920774330467477,0.6598902377144266,0.08051590580738874,0.17088362749543384,7040,2.5,T
0.38014548620293176,0.6157912329304839,0.09009572159687526,0.15741733573854647,7200,3.2,T
0.388310182051211,0.6449169816904986,0.06726303159810315,0.17377096795688876,7040,2.0,D
0.3902790254704691,0.6624645867703496,0.04610279115204862,0.181651080138756,7200,1.4,D
0.3905270026369544,0.7210702639515708,0.030734131787789484,0.1994593357791904,6400,3.7,T
0.39204065165423196,0.7219671812171156,0.032582332033975155,0.20223428690631748,6400,2.25,D
0.3931975969148524,0.7219293941373852,0.03489630984394765,0.20306623893981657,6960,4.9,D
0.39235553509849763,0.7233746722697354,0.031837726957453946,0.2037401976638958,6400,2.0,D
0.39305590070656893,0.7290514947665828,0.03122223937496879,0.20628825116959554,6400,2.0,D
0.40786765524433405,0.8341262378451946,0.044218634472613295,0.24132031127183345,6400,2.4,D
0.4177943396228822,0.8304420397602734,0.03587947352831848,0.23239583853451654,6400,3.4,T
0.4151257749764385,0.8227723848075316,0.04394800670679465,0.22549127606181488,7200,2.1,T
0.4118100842413668,0.8215413928280633,0.04888426460025925,0.22709941343590928,6800,1.9,D
0.4138059203752499,0.797152566652276,0.09947938901706639,0.20608612986108857,6400,3.6,D
0.4076046833513297,0.7830302866697393,0.10864918856662993,0.21158026909419353,7200,1.62,T
0.41375865217378427,0.8180963469196706,0.07131666149738711,0.22936299452688294,6800,2.9,D
0.40792826623104605,0.8427606019416702,0.05474763067810685,0.24315531955383551,7920,2.1,T
0.3988228036877384,0.6946626648537249,0.04921934714903425,0.19128967173279118,6400,2.1,D
0.4127789051387123,0.8106255807261341,0.07556818352740816,0.2180223822137715,8000,3.0,T
0.37111418062814655,0.502087861626544,0.16207667119865088,0.09822875383576431,8000,3.2,T
0.373335616069172,0.4932412158417559,0.1814277357989842,0.0919132856121672,8000,1.75,D
0.3721962921292993,0.4697414829343962,0.21350922676969508,0.07618641254163133,7200,3.2,D
0.36709513581134284,0.4853798508590522,0.1937206287553623,0.08470663255338622,6400,1.4,T
0.3610974626201467,0.4688777033615052,0.2147034303294474,0.0771412580960989,7200,3.0,T
0.3650696805428177,0.46817898288632004,0.2209598596573625,0.07323414268626192,7200,3.0,D
0.3908674691665923,0.562481703544538,0.12540381955914376,0.11909234263299263,7200,2.4,T
0.3872475547549202,0.549948397383375,0.13731591336622154,0.11879811929791426,6400,4.0,T
0.3823412335885062,0.5355780000956628,0.14532796963933278,0.11500989311034725,7200,4.0,T
0.3857100142630925,0.5717468829502631,0.14163313323416538,0.12747799820513234,8000,2.5,T
0.3984999112480105,0.5646276603130519,0.16004094583649695,0.11832429158417701,8000,2.0,T
0.36794930659623115,0.5188357069617974,0.16592783009023038,0.09435591482234029,6800,6.0,D
0.3739266582227817,0.545734959464439,0.16115191427839984,0.11629332365433802,6400,1.3,D
0.37545235401264054,0.5309638417168961,0.17286809505609388,0.11235891301978246,7200,4.0,D
0.3931854257458561,0.5559377490730617,0.16303647989615103,0.11606349810346757,7200,3.0,D
0.39938191907396703,0.5995111624980757,0.14692912153177115,0.13065423501007162,6800,2.04,D
0.38898904037250287,0.5955314968892024,0.14465596684186033,0.13219988175025785,7920,3.34,D
0.40811641610831895,0.6218718120339376,0.13950356873134595,0.1400744915196705,8000,2.3,T
0.4012099316470841,0.6305296295931136,0.13208704191764914,0.14533302133198991,7200,2.0,T
0.392933546239962,0.6136337860648935,0.1276447040157483,0.1442894803773581,7200,4.0,T
0.41987852601594594,0.7650991363934276,0.09852544141859496,0.19179492426813782,7200,1.8,T
0.4078804970125168,0.741103263041263,0.13433318623623067,0.1803492240338591,7760,3.6,D
0.4142515272394401,0.7313921197747943,0.14143852157785164,0.17035315947458465,8000,1.65,T
0.4045456389817347,0.6413157530898058,0.12650694419408237,0.14728466686744016,6800,2.0,T
0.40724721944836034,0.701627635746854,0.12774411580705625,0.1653184997568448,7200,1.8,T
0.4099144465220075,0.6409707956104006,0.14440457426427586,0.14551339525129547,8000,5.0,T
0.4062397828999448,0.6239311374972291,0.16059508642265677,0.12886573595285153,6800,2.3,T
0.38977735192610335,0.5966908547580456,0.12971234455300365,0.1408771841827842,7200,2.0,T
0.3920655416363633,0.6099545562223093,0.12429870992181294,0.14538530520988677,7600,1.25,T
0.3946428129846038,0.6237004026124752,0.11564256513265159,0.15084442592996192,7200,1.95,T
0.39233782707639286,0.6288507265369506,0.10718395639027584,0.1543426309806949,6800,2.6,T
0.3970613787507698,0.6509319761801216,0.09965856449058057,0.16221569670879687,7200,1.95,T
0.39892147005100687,0.6630303673727689,0.10012928157309679,0.16361211045258783,7040,2.3,D
0.3991835570065527,0.6778145179921601,0.09569228188606717,0.16918825661483702,7200,1.65,T
0.4258722653832911,0.7877371934367187,0.10961306806475465,0.2064678656256458,6800,2.56,T
0.4002292254247477,0.6858584693676217,0.07281883314946175,0.1799880167237724,6400,1.5,T
0.41850015737027163,0.7704496313667539,0.0904747203431999,0.19573291407527396,6400,1.74,D
0.39873489414782187,0.6882872275911075,0.05502894175082599,0.18692401053702282,6880,1.7,T
0.39446665523297175,0.6688334060044019,0.07798502159126347,0.17418607248968665,7760,3.6,T
0.38958573911366084,0.6453865723965154,0.08882444274737845,0.16403637400908644,8000,3.0,T
0.3948519050913815,0.6564865597122997,0.09022827386617313,0.16658777218749057,7040,5.0,T
0.38177177686231084,0.574915893099873,0.12128024596314964,0.13788975867544592,6800,2.7,T
0.3873762502393038,0.5874728049167295,0.13071239528576936,0.13750380927761172,7200,1.8,T
0.38058963981081356,0.5689345553583582,0.13561516754055447,0.1277978057974076,7200,1.5,T
0.3754359808144715,0.5385732148442696,0.12754579159080134,0.12584376424301097,7200,2.0,T
0.3762609413667426,0.5462478912907185,0.1267442935796687,0.12877922107416578,8000,1.4,T
0.37825686828638144,0.5354914881110923,0.15054750842324818,0.11394362382566903,7040,2.3,T
0.3741497769465102,0.5199973231407853,0.1453511281651639,0.11342517043596954,7200,1.8,T
0.37085425519814597,0.5297667510354337,0.13120658712828606,0.12175734982667867,7200,2.15,T
0.37375998742496747,0.49038856033479183,0.20333971386948346,0.10119229572954254,5500,2.2,T
0.3751252140101162,0.4951474553394732,0.20126907917774609,0.10303040121630279,6000,2.53,T
0.3803855454019561,0.5069709204850608,0.1962106180681763,0.10960033905773167,6500,2.42,T
0.3792093320756597,0.5041490405979011,0.19555527468712283,0.10994822934965988,6000,2.42,T
0.3852553222926065,0.5194498054783339,0.18513069894198358,0.1231211233439435,6400,2.75,T
0.38932620462305517,0.5290325726567813,0.179427658082471,0.12821346475900652,5500,1.32,T
0.38580141237236676,0.5171106098861623,0.19233083017585667,0.11726713019004553,6600,2.53,T
0.39096608796360643,0.5467697281414301,0.15764183748435706,0.14987327557426314,6000,1.76,T
0.35042361263002725,0.5274465599047984,-0.04017329657345417,0.16645951068784745,5500,1.43,T
0.33031549433625174,0.504211938654991,-0.10069385682856662,0.17223033535506127,6500,1.76,D
0.3930205092863069,0.5442398717406124,0.16106027235626225,0.14488197602584377,5500,1.87,T
0.3858083777690028,0.5520238625819471,0.14443159013977344,0.1556332469101326,5500,1.43,T
0.3597012186953906,0.5406487937706617,-0.04017329657345417,0.1719133852739902,6400,1.87,T
0.35953297610174034,0.5361209685266123,-0.04017329657345417,0.16781005469914234,5500,1.54,T
0.3611592699061432,0.5291681453231025,-0.04017329657345417,0.157486516371423,5500,2.2,T
0.3856606969275433,0.5238684127398492,0.15719041908057382,0.13185296611057234,5500,3.3,T
0.38303308798019803,0.5118405392021972,0.16677636480907584,0.12372769486836731,5500,2.09,T
0.3816339986829141,0.5112000540607566,0.1733598283912168,0.120893965321205,6000,2.2,T
0.3777869843077995,0.502618392637415,0.18587381492728974,0.11402858476684677,5500,2.2,T
0.3739521570978691,0.4973881822031149,0.1904467802525279,0.11029605102522619,5500,2.42,T
0.3697841284725909,0.49164419908116314,0.19048370653881924,0.10475421157383273,6500,2.53,T
0.3774990801348131,0.49842180110919465,0.18690676405844828,0.11127367530806656,5500,2.035,T
0.4216126211022889,0.5752830696499182,0.12646248802025092,0.1411478934706255,6400,2.2,T
0.4189086216734038,0.5665170399089893,0.1307710978140174,0.1360970668102968,5500,1.65,T
0.3791912975193317,0.5568843105530286,-0.04033928395305263,0.1708451939936304,6000,1.32,T
0.36467846042008406,0.5627030423407161,-0.04033928395305253,0.18319162134459374,6700,2.09,T
0.37725111784162774,0.5649467022410537,0.03854875283446717,0.16572238632573671,6000,2.09,T
0.3920392900651382,0.559687078141955,0.1113085803479838,0.1501651401867001,6000,3.85,T
0.3767864681228011,0.5633654150263989,0.03854875283446711,0.16575165192582814,6400,1.87,T
0.41276677353025654,0.5752758071930528,0.11784590221407146,0.14794283405626565,6500,1.32,T
0.41217254460977487,0.575275807193053,0.11894485368138631,0.14999864144201885,6000,1.65,T
0.3776792696154451,0.5672955410488218,0.1997057244980402,0.11837395643967565,6000,1.87,T
0.3923195965352624,0.5557576941941558,0.11782234811146941,0.15072833575915717,6000,1.76,T
0.3869326050337084,0.5300405051425786,0.21881955364011035,0.10997979189094681,6000,3.3,D
0.38355513267158076,0.5447000709231502,0.16651738551717513,0.12322018243795041,6000,3.85,T
0.3786283305804713,0.539925440342155,0.18683071919682062,0.1157314803972247,5500,2.75,D
0.37143535648250214,0.5314456787688483,0.19099223207479654,0.11513170009414676,6000,4.4,D
0.37114027077548506,0.5201427801426739,0.16172275410808454,0.11188260412018738,6000,1.65,T
0.3689980575221943,0.5496036311929703,0.14509744028233257,0.13894806439395332,5500,1.98,T
0.3905530224566619,0.5527829873024023,0.11843797350840811,0.15075135328302097,5500,5.5,T
0.38770241272682704,0.5515512963078516,0.10209997534416923,0.15390214876759864,6400,2.75,T
0.3849291551515349,0.5390415701313014,0.15417238432701894,0.13110257737381759,6000,1.87,D
0.38539448441632407,0.5608792420593299,0.13189006872516448,0.14694007262231334,6000,2.75,D
0.3590173581211012,0.5374398769667365,-0.01742919389978211,0.15753298789363576,6000,3.3,D
0.3824025488818911,0.5413872653910083,0.12208276074822412,0.1520126117013689,6000,1.21,D
0.3604292340803223,0.5415615481599927,-0.02133815551537073,0.174950174085914,6500,3.08,T
0.3594123446109602,0.5375797201313697,-0.021338155515370712,0.1728669758699099,6400,5.5,T
0.3602946986372451,0.5388758671540885,-0.021338155515370712,0.17501704583289973,5500,1.65,T
0.38235971872306773,0.5433440139475625,0.10672934557993728,0.15464241439856044,6600,2.2,T
0.38405071196689433,0.5471244766070283,0.10399060896527486,0.1544883819140019,6000,1.54,T
0.3823178327216753,0.5439807163940918,0.11855513551127637,0.1546039797972135,6000,2.75,T
0.34870675075535124,0.5325505070338996,-0.040339283953052606,0.1866883922835323,6000,3.245,T
0.3461979830317271,0.531266538176003,-0.06982343499197438,0.1901586289733133,6500,1.98,T
0.36805797849568345,0.5224266712323994,-0.021338155515370712,0.16437213989211535,6500,1.87,T
0.36730133522743275,0.5173525908330161,-0.021338155515370712,0.16454859617394837,6000,2.2,T
0.3700396992929316,0.5342057031505476,-0.021338155515370712,0.17180975265479587,5500,1.65,T
0.3499412643915391,0.5417258931084613,-0.04033928395305253,0.192647138897762,6000,2.09,T
0.3735113265878352,0.5482398512332939,-0.04033928395305253,0.1750125390749447,6500,1.54,T
0.38861971775182513,0.5529658457461165,0.10674593937614464,0.1514629978467142,5500,1.43,T
0.39609673745617213,0.5400986321619151,0.1125658607662568,0.1434725756535731,5500,3.3,T
0.3683353193354848,0.5249712232683071,-0.021338155515370712,0.1689088652799112,6000,1.32,T
0.3668750464832915,0.5230362414319222,-0.021338155515370712,0.1637742771363088,6400,1.65,T
0.3685921457583364,0.5223707121872703,-0.021338155515370712,0.1679533159191853,6500,1.43,T
0.3678469010586252,0.5209693855826039,-0.021338155515370712,0.165759983778073,5500,1.65,T
0.36464123108704033,0.5374066696287593,-0.021338155515370712,0.17362601925048768,6600,1.43,T
0.3662712276772152,0.5376671242266235,-0.021338155515370712,0.17535550140704692,5500,1.65,T
0.3676236004062219,0.5400330199089227,-0.021338155515370712,0.1764023911156199,6000,1.375,T
0.3864123333890637,0.5475911603339418,0.14251663844910037,0.1522658631471959,5500,3.3,T
0.3876316137838091,0.5475225610067224,0.13360775426559565,0.1541913447383469,6400,1.54,T
0.38852583203669416,0.5447197048312984,0.1312641455805903,0.15698358257987358,5500,2.2,T
0.3622148859303354,0.5316403162801366,-0.03561470215462612,0.16850173062887425,5500,1.54,T
0.3686125376872067,0.5352057505481284,-0.021338155515370712,0.17544194721992779,6000,2.75,D
0.39185217262094885,0.537339932294341,0.11513341408252113,0.15236050979276938,6000,3.08,T
0.3929920301029241,0.5398035027372088,0.11523522656797316,0.15021035997599508,6000,1.65,T
0.39423716458992125,0.5406522675645814,0.11355101818626359,0.1485845622176541,6000,2.53,T
0.3933854605458923,0.5413326805965554,0.1155303299050523,0.14796126357255263,6000,1.32,T
0.3919402406925813,0.541668170816766,0.11917934575530605,0.15239214458492953,6000,3.3,T
0.39150584654048687,0.5410855337031711,0.12622421695295233,0.15460830353786437,5500,1.65,T
0.38981550184198144,0.5416378198546753,0.12557168747051023,0.1572955845161588,6000,1.76,T
0.38518896552138915,0.5457899212926618,0.12691871168291122,0.14890093136538188,6000,5.83,T
0.39071517327261157,0.5388037054988848,0.13007206974538368,0.14670955963214397,6000,1.32,T
0.3911588809967428,0.5416606367777285,0.16564419486626,0.13897337791479217,6400,2.42,T
0.3934808233150406,0.5416616863131103,0.15041762533052952,0.14242419810884338,5500,2.53,T
0.3866771626841174,0.5587987772805248,0.12307659129500312,0.1651628841447539,5500,3.3,T
0.3818589008360928,0.5554075456106852,0.11859926543264471,0.1666648351091182,6500,1.98,T
0.39271437033765144,0.5561366512737496,0.11293679606519039,0.16343372844881493,5500,4.4,T
0.38901532202570843,0.5444333950539614,0.1286906337919698,0.1574123957120616,6500,6.05,T
0.3928764103188844,0.542855692858987,0.12708676385566858,0.15406156865786838,5500,1.98,T
0.40200631005424187,0.562296003277303,0.10834416046901976,0.15436829899167492,6500,2.2,T
0.4177198279805056,0.5687934618664795,0.1081056145950732,0.1436745447150441,6000,1.98,T
0.4062614073878096,0.5644595370290247,0.10030118543265293,0.15093793339355188,6000,4.95,T
0.3965660904253388,0.5540431668899695,0.10821946972684746,0.1598994476729539,6400,4.0,T
0.39228164309308866,0.5517440832940717,0.11634882760586418,0.15400349881645944,6400,3.0,T
0.38983946573402145,0.5492252680343824,0.1356292696269836,0.1563361436664756,6400,5.0,T
0.36865429926944415,0.49734722673438925,0.19130762489581996,0.10685277628971693,6400,4.0,T
0.37043637600428475,0.5305034490452866,0.1294186046511628,0.13505591571441963,5500,1.6,T
0.3809537816511661,0.5045323134271903,0.17034919071573548,0.11797658850290477,5500,2.5,T
0.3797569465886272,0.5168331745743785,0.15070165741692787,0.12794264176714268,6500,3.2,T
0.375940179358831,0.5391921642794045,0.10617643489867738,0.1548558034741349,6000,2.8,T
0.3840163323258743,0.53717788574398,0.13264951618380444,0.1424866668965545,5500,4.0,T
0.3547832953243801,0.6410473699070836,0.11948038289386007,0.14298636656445612,8000,2.2,T
0.3556657924219081,0.6473413940415224,0.11188514520226472,0.1448852076813732,7000,2.53,T
0.356999510741752,0.6606184722611834,0.10405743182774396,0.15093422588688413,8000,2.42,T
0.35757075321860976,0.6581435660926457,0.10513619752832408,0.15086672940450868,7200,2.42,T
0.3520940016961867,0.6293100494868151,0.12350230441182543,0.1369438066642326,7040,1.76,T
0.35776324351193917,0.6608029695233306,0.0906387777974786,0.15643227273659516,7600,1.375,D
0.3605206736895245,0.6941835319091347,0.08095778119537929,0.1681757945826834,7000,2.75,T
0.3597946059352478,0.7011946254361707,0.07816485489651466,0.17011282385088358,7760,1.32,T
0.3584365909367699,0.7042997261776688,0.0784889870348704,0.17053935254276467,7040,1.54,T
0.35633621857891695,0.6769177565134482,0.09781619281291695,0.15868307219532582,7400,2.53,T
0.36676722272054296,0.6819332580700976,0.04934331368307674,0.1840055489335296,7000,1.43,T
0.3621571893670229,0.7323230525248766,0.04683454561250302,0.19445772893838179,7000,2.2,T
0.3622953009744587,0.6576842172023629,0.06327780203120326,0.17069219909024366,7000,1.76,D
0.35947849358408274,0.7214620085494238,0.055513580479868894,0.1867105029725326,7600,1.87,T
0.36199615154326226,0.7402206191675623,0.05153823979371184,0.19370696789520941,7200,1.43,T
0.3633658437747568,0.7318709813973228,0.045721888036093235,0.19336017150521698,8000,3.3,T
0.3689203188367558,0.7174684179577235,0.03893593873073747,0.1975556574739409,7200,1.87,T
0.37290323187940694,0.7048986818780839,0.0355379277374562,0.19662388814554452,7200,1.54,T
0.372177477007201,0.6917302980506479,0.037128969849651576,0.19068036574724162,7040,2.2,T
0.3559462396007297,0.7219416324095979,0.08470048460846574,0.1755267067059384,7000,1.32,T
0.35670245373869786,0.7189961667334863,0.08309154879568344,0.16948886563941415,8000,2.09,T
0.35721830789591685,0.7089695327098205,0.08958761050020049,0.164429066818873,7600,2.2,T
0.347271587811962,0.6952635520419933,0.09738042822791441,0.1613091112170835,7000,2.2,T
0.34105897089463466,0.6575860065379339,0.11646823284012107,0.1468909933267459,6400,3.3,T
0.34670603043297255,0.651611979713279,0.13316771814862022,0.13880470947237644,7760,1.43,T
0.3505982789585324,0.6788060232734787,0.1084658796570261,0.15407469938904503,8000,2.53,T
0.35676020935343455,0.7001898965088251,0.09287556692045894,0.16257932464819244,7040,2.035,T
0.3589699854635212,0.7219224653552794,0.084473418873205,0.17504694620402717,7000,3.08,T
0.35973805146371407,0.7318690228351818,0.021392684202424656,0.18999749793994744,7200,2.2,T
0.3591664145040221,0.7266475378612256,0.022853054135685703,0.1887777499666092,8000,2.2,T
0.35789356143565354,0.7300957663294845,0.031085784969329507,0.1865705264585062,6800,1.65,T
0.37375358041622614,0.7221651540332027,0.02000449406590998,0.18958340433530482,7200,1.65,T
0.3646467654575431,0.7234660218232285,0.017655479544982165,0.1853063352303841,7200,1.32,T
0.3723055313647687,0.7265395709730647,0.015490976413429112,0.19525662111390527,7040,2.09,T
0.3583255328261279,0.7280935732351149,0.015086288451266378,0.19053784257129058,7200,3.85,T
0.37270565822150875,0.7310951286449767,0.013093842848355524,0.19719233852019818,7040,1.87,T
0.3605205363027921,0.7358395220939666,0.017506257323386284,0.19044816114906546,7200,1.32,T
0.3602132156603347,0.7379844307787631,0.01871183796337319,0.1950131881490835,8000,1.65,T
0.4177150676415177,0.7923764762793201,0.16058777326899631,0.1902774418309118,6800,1.87,T
0.4013962316494619,0.8038392081608735,0.09905442512082425,0.21385618776925494,7000,4.4,T
0.3593497531764265,0.7409351935633137,0.019187561056763898,0.1957894263950766,6960,1.76,T
0.37349982035343526,0.7360796362505758,0.015726843803030157,0.20046919191598153,6400,3.3,T
0.41775996507919266,0.803131891462167,0.10921348265483495,0.19837777944111606,7200,1.43,T
0.42071194808783413,0.7962839360573188,0.11466447876342988,0.19248872445557424,7200,3.3,D
0.40961066954734343,0.7970836392124314,0.10931023627706257,0.20466883465739547,6400,4.4,D
0.41819354265792213,0.7883918799859767,0.15055176385260532,0.18892327227257202,7000,1.65,T
0.4046169511523836,0.8111616391722429,0.06225517979962676,0.2287585408973316,7000,1.98,T
,,,,7200,2.64,T
0.3853466322850779,0.7420164773194976,0.02419029609035063,0.20520993011807517,7000,1.43,T
0.36485597582019463,0.7436028446710584,0.021859070155313576,0.19883935051673046,8000,5.5,T
0.37534779647989686,0.7437839439463139,0.017957612664715402,0.20362055884163108,7000,2.75,T
0.3644556177227413,0.7388626319147448,0.016616366428136253,0.1990106588871375,7000,2.53,T
0.40610621992678986,0.8121480790826172,0.0723347083451477,0.21686921153695476,7200,1.87,D
0.4086970885879958,0.8307912176217188,0.045033170477903256,0.22992400737756805,7000,2.75,D
0.40109394867117515,0.8152021261884641,0.07110021636026799,0.21694467233070042,6800,3.3,D
0.4022782188689096,0.8135259522357977,0.054466854859118424,0.22616531043279287,7920,1.21,D
0.3910771436082881,0.7395910764284848,0.020974909536264557,0.21037315274115614,7000,3.08,T
0.3918592494672516,0.7344400089746355,0.023699265691754855,0.2083579651272256,8000,5.5,T
0.3906255047944522,0.7360340310988668,0.01957889967716039,0.2102550781954758,7600,1.65,T
0.39106493279945437,0.7398008282286087,0.020516789376646985,0.21046748897279074,7200,1.65,T
0.38586314676827177,0.7386136853341299,0.018626415886335682,0.20735359790454636,8000,2.2,T
0.3842866681510543,0.7420771956444425,0.019077232009422084,0.20562428549355635,8000,1.54,T
0.3864232353462045,0.7410252946378018,0.01913783315557834,0.20747511119319223,7200,3.3,T
0.38810112635189603,0.7403515006277912,0.018895283200424922,0.20879730912743039,7200,2.75,T
0.3882854298846259,0.7281240715487757,0.022399801419795272,0.2019880193562755,6400,3.245,T
0.38638191129393523,0.7234766952716368,0.019138516513155405,0.19915024700552608,8000,1.98,T
0.3861197363329453,0.72054514753713,0.02026631149330245,0.19810131739469025,7200,2.2,T
0.3855877207613293,0.7141073686550709,0.02039595498560729,0.19675204953653155,7200,1.87,T
0.3797616278232174,0.7117448993800035,0.01651659632643061,0.19627614229308898,7200,5.5,T
0.3862254092193024,0.7264808695139623,0.018842929791428265,0.20074242628087155,7200,1.65,T
0.38759621620390017,0.7301536356900543,0.02100748565650395,0.20324057218398414,8000,2.75,D
0.38736687404318404,0.7308179869588999,0.018775073976029937,0.20658100691002187,7200,2.09,T
0.37913067969987485,0.7315931594045595,0.019852330528888722,0.20020569247320935,8000,1.54,T
0.3661133507515409,0.7276556961454305,0.018416450591999603,0.19014199290136152,8000,1.43,T
0.3751957778380971,0.7196495696820717,0.01926109952485231,0.18743066334463324,6800,1.54,T
0.3800203296731014,0.7200520744646961,0.015747740590651184,0.19857846666808143,7500,1.32,D
0.3779033606805158,0.7225452205069504,0.026070686441397366,0.1909816487990781,7500,1.32,T
0.38160148450475584,0.7236831637717267,0.021882996321595707,0.19616361150430087,7500,3.3,T
0.3780371146295048,0.7206290839443302,0.01727394393802934,0.19622509363250065,6400,1.87,T
0.3792996170283094,0.7187721648901026,0.023255182766482224,0.19945394433852429,7500,1.32,T
0.3835522816255914,0.7222956949697298,0.014509692441814418,0.2015006202725533,7200,2.31,D
0.37977339022896583,0.7109731302186483,0.02355171611262459,0.19854289111526296,7200,1.65,T
0.3705375378038068,0.7288209553407864,0.03018962969986251,0.1998702574718227,7200,1.43,T
0.3816195663138736,0.7347886720385595,0.030008238137964813,0.20267191368500242,6800,1.98,T
0.3639117799017719,0.740829739595814,0.05008191201662756,0.19376846977678377,7900,1.54,T
0.3707695238407193,0.7233166538065633,0.028811614884707615,0.19859937034577896,7200,2.09,T
0.37663433865893564,0.7132890252335828,0.03095011572456171,0.19843393460193082,7200,1.54,T
0.3740048505013175,0.720638336339673,0.027286862832366747,0.19607427930254778,7200,1.65,T
0.3846449788894903,0.7319898019529804,0.02593716985599364,0.20688296224469396,7760,2.75,D
0.382355637151863,0.7392342261027811,0.031387682494902515,0.19950765613388358,8000,3.08,T
0.3790659485613383,0.7369249198657786,0.032918531592395286,0.19605449173366285,6800,1.65,T
0.3788689347138142,0.7367741605769919,0.03396153356915665,0.19585916965370337,7400,2.53,T
0.37680538532703306,0.7359182823801833,0.03545813550590365,0.19474240789227704,7000,1.32,T
0.38082840927581685,0.7392562453184376,0.039199437382952895,0.19940937988969706,7500,1.65,T
0.3675364806299104,0.7675292692819236,0.051022642030658885,0.19676288505041284,6400,5.83,T
0.36285412703150166,0.7439060763051919,0.06856136101505945,0.18671686782488828,6800,1.87,T
0.35973919838649254,0.7331342213847383,0.0763622222416266,0.1803093735422517,7200,2.53,T
0.36156519012803506,0.7470061345312459,0.05833299382928705,0.19371366852169053,7600,2.64,T
0.36470306486449083,0.7566424121833266,0.05142190821510529,0.19778783471268638,7200,3.3,T
0.36586647693248686,0.7601533084833292,0.04536479053238484,0.19993630225431358,7000,1.98,T
0.3675034155597959,0.7582961579869181,0.047347361381179114,0.19851933135799202,6800,4.4,T
0.36384220607309226,0.745164526619747,0.0456548194442816,0.19630065800946603,7200,6.05,T
0.37828574860534575,0.7389964851556174,0.04350320801032896,0.19723528717484368,7040,1.98,T
0.37153637086607627,0.7183920588864777,0.023426657075210144,0.1861022783611506,7000,1.76,T
0.37377565421493847,0.725853953035936,0.020586648997112558,0.1934201138028033,7200,6.6,T
0.37682507148041006,0.7381026612791427,0.02895655630671181,0.19795825029608077,6800,1.98,T
0.36974330022967994,0.7709280849801323,0.035435966566381115,0.20136816246981779,6880,3.0,T
0.36779875130701856,0.7514956287586801,0.0314986913270312,0.20019086109780834,7000,1.3,T
0.3644755077207037,0.7470657858586839,0.050356009760377594,0.19445077807891806,7000,5.0,T
0.3655662582492408,0.757095057804384,0.05081327203032126,0.19819515364089763,8000,1.5,T
0.36802727457739726,0.7648188900684614,0.03719952523933026,0.20123860650088535,7040,3.5,T
0.3558582744585929,0.7315811723199898,0.07126133261935125,0.16677103732544793,8000,4.0,T
0.3617273388901686,0.739242074572757,0.0702510691766235,0.17505119055495022,7200,2.0,T
0.3559266869907157,0.7155020772678751,0.08135977724919663,0.16653143292853723,7200,2.5,T
0.3590799717058473,0.733299544428093,0.0753448136642555,0.17391820953499748,7600,3.2,T
0.3659773201642561,0.7546948051090513,0.052725395088315044,0.18630526854165164,7200,5.0,T
0.36687912265897443,0.7665599581654114,0.05157893125765793,0.19271712264149432,8000,2.8,T
0.3655054885843896,0.7635739012568584,0.06670084414431557,0.1893024367092747,7200,2.2,T
0.35488584577579335,0.4896506487845918,-0.021825279470042043,0.10738100804680764,6000,2.3,T
0.33079430865093384,0.46710873452184515,-0.021825279470041974,0.13286267223313963,6000,1.7,T
0.34392617288833194,0.49313357307944305,0.015696202531645553,0.12014181358674854,5600,2.9,D
0.34207885320187287,0.5079694419713414,0.006511739052512048,0.13351778585293309,5600,1.26,D
0.3442148868172775,0.4929390944239888,0.016685484882699806,0.11986731673865492,6240,2.0,D
0.35973804155444417,0.47938035968999604,0.22755559004013864,0.09735120474624295,6400,1.87,D
0.36835264914058236,0.48826841340128246,0.23222932997690604,0.09924833281183205,6000,3.0,D
0.3712659808386126,0.49848151388245315,0.23824175507829176,0.10408189640803461,5600,1.4,D
0.3632399769037633,0.49844620832149283,0.1294186046511628,0.11931438608628657,6400,2.1,D
0.34118924248934107,0.5124185641925121,0.007609224938545377,0.1565364228664496,6400,4.0,T
0.3578339644009458,0.504592249880095,0.18866009264999165,0.12450120486700379,6800,1.52,D
0.34585652187941807,0.5108785437456099,0.026474429157487923,0.14209169071284433,6000,2.1,T
0.3330587815590835,0.5164808008234308,-0.034938621340887654,0.17504678411272792,6800,2.1,T
0.33306327230707883,0.5453175813340412,-0.08622908622908629,0.17522720746127546,6000,1.65,T
0.3587842009758435,0.49394386560359077,0.12941860465116276,0.11640366465430267,6000,4.0,T
0.3573920171265462,0.49659978988149617,0.1294186046511628,0.11992655950416946,6000,5.0,T
0.36242201031134813,0.5020482353549429,0.12941860465116276,0.1248954706815465,5600,3.0,T
0.3580319429736563,0.5016182550815126,0.12941860465116276,0.12391307235256709,6160,2.0,T
0.3551028884047259,0.5128004619932075,0.14774258418609307,0.13039142157909697,5600,2.95,T
0.3729694192454936,0.5487145474818768,0.0978587699316629,0.14195785990872772,5600,1.5,T
0.35455276311858724,0.5245941456485221,-0.06986231514533406,0.1699260969837223,5440,2.04,T
0.3643354327631242,0.5393975190083574,0.02060663075512709,0.15684554820472715,6000,3.0,T
0.3597811412205114,0.5555984036517383,0.014594365232929105,0.15589166288856218,6000,3.5,T
0.3479361365023265,0.5407568572959596,-0.08710023437000869,0.17460474077872798,6000,1.5,T
0.3344088144241283,0.5387683417770729,-0.07595793583325461,0.18471442030865332,6000,2.0,T
0.3587109160483345,0.5578568829349514,-0.001173157942645344,0.14609202877606253,5600,5.0,T
0.34757911878575914,0.5155865189994047,0.005157118299436729,0.1540318473600066,6000,2.1,T
0.3407459389290602,0.5206825350046517,0.010778206269158527,0.1582241388005185,5600,1.39,T
0.33701699039768385,0.5341401817601991,0.0066971502471018,0.17786792063929754,6000,2.1,T
0.32351930191882333,0.5300977910414472,-0.025565002112503767,0.18204711928973163,5600,1.91,T
0.3298727772241075,0.5300451376140047,0.0007836990595611448,0.17116940844732104,6000,1.5,T
0.32598707680850486,0.5299944177347018,-0.019435064454906222,0.17599192831876972,6000,2.3,T
0.3599899180692395,0.5600669220582721,0.03177628080127638,0.18187377482991898,5200,1.5,T
0.376236501026232,0.5529879128534203,0.05094936708860767,0.16197049826375742,6000,2.0,T
0.3784414141495245,0.559206633294196,-0.0028023052926558537,0.17253964591071924,6000,1.62,T
0.33806956787252884,0.5482534295837244,0.004722151952103908,0.18455660393415396,5600,2.0,T
0.3335747575957858,0.5448398801472849,-0.007713797273068388,0.18924346463056238,5600,1.52,T
0.3207636672872123,0.5323938510201978,-0.0078114656427909455,0.18775502575595662,6000,2.3,T
0.34772675995388824,0.5340172269412065,0.018075018880590737,0.17618897458533836,5600,2.1,T
0.35895776824073294,0.5575678674751696,0.012712586483078284,0.17156755603711712,5600,2.1,T
0.36770564868601724,0.5556280963865327,0.0444467912838385,0.18622777830290974,5600,3.0,T
0.3683860178833165,0.5594174717610929,0.03410037360493067,0.18328502454513787,6000,3.6,T
0.37094725088425684,0.569742749794601,-0.0054801670146138026,0.18705369146519438,6000,3.5,T
0.4208710185614271,0.5768677122656507,0.08950210337633817,0.14625904030864278,5600,6.0,T
0.4221664438709738,0.5700131401644005,0.10381288779421136,0.1413948772974051,5600,4.0,T
0.42224633850007,0.5700097383233297,0.11357711801254584,0.13915781977641772,5600,3.0,T
0.3830751990997165,0.573910516914212,0.04714719514144159,0.1616925726846373,6000,6.0,T
0.38556303465208946,0.5738268160620766,0.04225151407196295,0.17446413131682473,5200,4.0,T
0.3705240823354535,0.5710033245781423,0.030049410103862056,0.18697633935883262,5600,2.2,T
0.40387302404315367,0.5688666054593965,0.03385320902463827,0.16497148962916033,5600,2.2,T
0.3625544315424648,0.5686502875300008,0.029243119266055093,0.18078297123189252,5600,2.0,T
0.34759437295501977,0.5373384851214232,0.0007836990595611448,0.1631445717054284,5600,5.0,T
0.34818102242111976,0.5376648901224234,0.0007836990595611448,0.15899923630690832,5600,1.5,T
0.3523268716286869,0.5367966326435617,0.05094936708860767,0.15731220996036463,5600,3.3,T
0.3547963040166121,0.5375350252459243,0.05094936708860767,0.15637151960754814,5600,3.2,T
0.37737134492038954,0.5518255245966641,0.05094936708860756,0.1613396009042052,5600,1.88,T
0.3604374359030655,0.5378337786608894,0.0007836990595611448,0.1560395288381834,6400,2.3,T
0.34401579755981526,0.537204802283333,0.0007836990595611448,0.16145425299225682,5200,3.0,T
0.35541633790221633,0.522533303577645,0.012599160055996232,0.13776768540818926,6000,5.0,T
0.3713087482471337,0.5315275502811365,0.03374477403941861,0.13831449660834902,6400,2.67,T
0.32324364278518747,0.5070066143044791,0.012599160055996232,0.16200967381136128,5600,2.4,T
0.3653237589560821,0.5511034298161935,0.06070802641724701,0.15507264742471014,5600,4.0,T
0.386655595606276,0.5312003668122567,0.030608463647817396,0.13609625718288446,5600,2.1,T
0.40185718021469174,0.5309705416635839,0.25785910382092603,0.09663846783408397,5600,3.2,T
0.3657824455261553,0.5539354989384925,-0.07017377954926368,0.17051252051033303,5600,2.0,T
0.3687563844049608,0.5328300130160724,0.027156481204293693,0.14654339321986407,5600,3.0,T
0.3713830911025349,0.5496449730300663,0.018386914833615334,0.14730785643329442,5600,4.0,T
0.36229585555729266,0.5642809274982542,0.021924524393191355,0.16370541972329705,6520,5.0,T
0.35991841904807476,0.5728753360261996,0.030328919265271297,0.17183980431804896,5600,3.2,T
0.35936774413042555,0.5613410423090697,0.02504057500579641,0.17699495668980383,5600,3.6,T
0.35807463965404884,0.5546441971390967,0.02745608327911516,0.17337082846738697,5600,1.7,T
0.36730151078497486,0.5759537653103567,0.022811716927330875,0.1706209159201466,5600,9.0,T
0.39081675331765264,0.5761263748592143,0.06390361916864205,0.15331144121383056,5600,2.5,T
0.3770023539862566,0.576787347121597,-0.06902550736373295,0.16964198976543823,5600,4.9,T
0.3646625640966053,0.600018929400502,-0.07123385939741751,0.16931006156733877,5600,5.0,T
0.40730840936606727,0.5756124110074433,0.06906776431130418,0.1482217186058342,6400,4.0,T
0.4077161778995887,0.5702671656624616,0.1105411545462842,0.14115393573444496,5600,1.97,T
0.367058488077384,0.5756646243110448,-0.047693920335429775,0.16110887018126663,5600,4.2,T
0.37591197994534664,0.5755317201316987,0.11393774205279521,0.16241177526109987,5600,1.72,T
0.40811484326742553,0.5742000739882751,0.12129016053388458,0.14316486372786474,5600,7.8,T
0.4148037620825471,0.5704814656339405,0.09372629813987399,0.14853298206201745,5600,2.0,T
0.4210265749081121,0.5695216222470494,0.12653974997686504,0.13537564417295778,5600,2.0,T
0.3996989902033452,0.5625769280242947,0.10332615533836301,0.15355008391876257,5600,6.2,T
0.3721679822984395,0.5513228510475152,-0.016421052631578937,0.1755752885259117,5600,2.5,T
0.35295263888816353,0.8198081158143881,-0.006040454419506802,0.2013010657922248,6800,2.9,D
0.37437763948494257,0.8127379012854861,0.09919302922149109,0.18652971465573462,7200,1.26,D
0.36873226991441266,0.7955603726749416,0.10872731366067209,0.18181082410579164,8000,2.0,D
0.33633928727124657,0.7678691188281144,0.030219780219780244,0.1760649395169719,8000,3.6,D
0.324505675227217,0.7409648401168669,0.03021978021978028,0.1683893605847396,7600,2.2,D
0.3275877427375163,0.7401781797604796,0.03021978021978028,0.17010487555913603,7200,1.87,D
0.36088171735520963,0.7677295429225863,0.10170544476272562,0.17911586566091994,7600,4.0,T
0.3682937207669291,0.7949400227886088,0.11356018983303617,0.18253884444572907,7600,2.3,T
0.35422243978712237,0.7521833199751552,0.12691783495860448,0.16697145862030657,8000,1.52,D
0.35639136363626567,0.8146145657192215,0.054865110639587794,0.19879415466996747,6960,2.1,T
0.3625023874750474,0.8214048221236542,0.01677105558996951,0.20076301906768476,7200,1.65,T
0.3447175399887882,0.7400085770317927,0.12213996466113884,0.16724848651152865,6640,4.0,T
0.34346385893898684,0.7375480685136584,0.02905173345110922,0.17365259830646806,7200,2.0,T
0.35021420832243283,0.7373412497351423,0.043384422494863524,0.1733206161211348,7600,3.0,T
0.3496098844903208,0.7376541516310607,0.09189748658773302,0.16656516460768245,7600,2.0,T
0.3512062157797807,0.7363143898433858,0.048728670216479766,0.17342009327860217,6640,1.5,T
0.3589046408954861,0.7426272180645109,0.04456583382297051,0.18021018628196286,6640,3.0,T
0.34363370456194564,0.7787023370447671,0.054865110639587794,0.1936516800037258,7200,1.9,T
0.3515906623223958,0.797286693925863,0.05486511063958777,0.20186731782804032,6640,1.78,T
0.35413853752140784,0.799322350286041,0.054865110639587794,0.2013602905922014,6640,2.04,T
0.38324436985610966,0.8280229062050248,0.1093761769116761,0.2009131041111386,7760,3.0,T
0.37419557019621325,0.8003173348891167,0.11290246820887623,0.19109154107851006,7600,2.5,T
0.36670554419093,0.8419074075195995,0.04941531497548091,0.21346946918602794,7600,2.0,T
0.3648960302315876,0.839690437288759,0.01677105558996951,0.21329285336143164,7200,3.5,T
0.3662170266776594,0.8279751923220896,0.01677105558996956,0.2038815616064918,8000,5.0,T
0.3367428087935901,0.754233522862969,0.039132917121639375,0.19193071729555644,6800,1.6,T
0.34695032818794097,0.7420473781846851,-0.00011232309582845855,0.17836838828098872,7440,1.39,T
0.3342995406916716,0.7629982924703534,-0.0004902174152830293,0.19866596195337616,8000,1.85,T
0.35451668950251214,0.7800798972499344,0.00866118784174104,0.19849924499595886,7600,2.1,T
0.35196889424488215,0.795186843700282,0.054865110639587794,0.19776380803338955,6400,1.5,T
0.35396122460839663,0.7852124894814576,0.05486511063958777,0.19450582986003467,8000,2.3,T
0.3425359948015564,0.7698249797399103,0.05486511063958777,0.19056056030295976,7600,1.5,T
0.3499654029469311,0.7384348695228959,-0.005811453751269753,0.1793614016335229,8000,2.0,T
0.35912645896612,0.772418397455738,0.0198999872102085,0.2016948186636395,7200,1.5,T
0.35448110738235333,0.780838629333619,-0.0029283645679472636,0.1991053107715138,7840,2.2,T
0.35319238107145523,0.7780924470099198,-0.00975896256023881,0.20291217632530617,7200,1.7,T
0.3595189689211317,0.7854275479451995,-0.007164836864520063,0.20741700531919668,6400,2.0,T
0.3656756283308742,0.790973219208993,0.0009747479775747067,0.21232222550323904,6400,1.62,T
0.36592574143750023,0.7886873942164543,0.0016889829703781037,0.21126912378563942,8000,2.6,T
0.3592446728193628,0.7811136364034152,0.009370159936959103,0.20376329237846835,6400,4.0,T
0.3558525102088854,0.7751114763090156,0.006577518200906939,0.2005670279000951,8000,2.1,T
0.3646972358705598,0.7958132384757605,0.03665443867249461,0.20371901577069845,8000,1.75,T
0.3664110808170229,0.7890840741435764,0.03372715729318661,0.20503649085332887,7200,3.6,T
0.3690558406971276,0.7955783155505152,0.030055277881440842,0.2107652397089922,8000,3.5,T
0.3695872120217315,0.7867365107999313,0.03193431146429406,0.2067573038193197,8000,6.0,T
0.36754912254785116,0.7541201924214713,0.03498532810408374,0.1971369696206561,8000,4.0,T
0.36779136524087447,0.7428958857587439,0.03919706498180818,0.18629770243716093,7200,3.0,T
0.3720646532682212,0.7573625749715436,0.04733920281022903,0.1876638137284617,7200,6.0,T
0.3624097165398602,0.7944840191867387,0.0016702846972996308,0.20199028749847314,7200,5.0,T
0.36413059824435046,0.7981990757430667,0.0026333040731262016,0.20152205593986516,7200,2.3,T
0.3642393267406315,0.7878573518549041,0.08004999844370916,0.19655381488830545,7200,5.0,T
0.3678745605953147,0.7916410113495729,0.09242226845231301,0.1912136759083182,6400,1.5,T
0.36102604465876376,0.7841472393089919,0.05228645548588642,0.1961444395085279,6400,3.2,T
0.3595620586038842,0.7848380438751262,0.031967121228584236,0.19748594698975222,6400,2.54,T
0.36554870823883184,0.8029405871466931,0.04806295753021432,0.1956818177518194,6400,2.3,T
0.37062307056425986,0.8097037272160625,0.10315967998862038,0.192392310199074,8000,2.3,T
0.3691598679257304,0.816223770858336,0.10175731758779202,0.19030556513693622,7200,1.8,T
0.37966172863314135,0.829237879737558,0.005148862800676453,0.20195596545776662,7200,2.67,T
0.37604620574718756,0.7927800987997916,0.0714426113548236,0.1798084924002663,6400,4.0,T
0.37104830572371666,0.809606764258327,-0.00047535904012357055,0.1946383248116969,6640,2.5,T
0.3633180370724352,0.8078990991164146,0.00011566299160739971,0.1986558690853345,8000,2.0,T
0.38388339658016757,0.8408365444740425,0.005198039655232714,0.20709800004385048,7200,3.2,T
0.4264708650594476,0.8617811471562193,0.04272818564492911,0.22755139856376538,8000,2.0,T
0.3760712264026317,0.794311325321196,0.042694132470070575,0.1827888714293591,8000,3.0,T
0.4267423093438298,0.857873666908199,0.04854845677697341,0.22700698783739987,6400,6.0,T
0.36397038073488897,0.7533236009308814,0.04977300025132936,0.18309466139598593,6400,5.0,T
0.358011071415045,0.7968813909612477,-0.0253206360338745,0.20115353744422582,8000,4.0,T
0.35339605316913625,0.7816247249961026,0.011432078074784744,0.19372361284493195,8000,3.2,T
0.3562244158277711,0.777032762923228,0.036710901867799524,0.19001864552702136,7200,3.0,T
0.3626645014046507,0.7517774895735991,0.050778489821028644,0.17742086304016924,8000,3.2,T
0.3602416206243655,0.7708045850563969,0.010295504189583258,0.18789180844770578,7200,3.6,T
0.35852001984304954,0.7826881660319791,-0.007408427524242408,0.19481407449619595,8000,1.65,T
0.3631529909660002,0.7807686010939502,-0.0035663401591190962,0.19034876846386253,7200,1.7,T
0.4169764789568788,0.8142319972672457,0.03344234398463635,0.2098510485397759,7600,2.3,T
0.4175869316559989,0.8226669874800242,0.03590287148113243,0.21383461665470965,6640,5.0,T
0.4153158981722932,0.8374434770329869,0.008363509503173253,0.22305879161172024,7600,6.0,T
0.36617727903644615,0.7485560664993426,0.05507742088559492,0.18083207573098686,8000,1.26,T
0.3675351740393827,0.7447133779157558,0.05727206203970538,0.1793048914903496,6640,9.0,T
0.3908358758856157,0.7891113173640218,-0.006661352270261401,0.22217781165690917,7200,4.9,T
0.369763981761148,0.7492507865958805,0.03874379193124573,0.1858637871476835,7840,4.0,T
0.3943412740234027,0.7519188327234249,0.10906983554683039,0.19520498586170945,6400,4.2,T
0.401729112290979,0.8280853968299705,0.061888847974264465,0.23483134039510095,6400,1.72,T
0.3587888847410652,0.7344493359072191,0.03197605176436017,0.18625721320899688,6640,7.8,T
0.3574921458938896,0.7292515016958635,0.03425149329910509,0.18528485047214807,7200,2.0,T
0.3694342866370782,0.7700912286827685,0.02783909821157081,0.2009010639060944,7200,6.2,T
0.3593515110341934,0.7874037890626379,0.008374998369849104,0.198845021492157,6400,3.0,T
0.35271653703796657,0.7786040639254936,-0.016658870882871553,0.2021627590623353,7200,2.3,T
