min_vv,max_vv,range_vv,mean_vv,correlation_vv,permutation_entropy_vv,min_vh,max_vh,range_vh,mean_vh,correlation_vh,permutation_entropy_vh,min_vv_by_vh,max_vv_by_vh,range_vv_by_vh,mean_vv_by_vh,correlation_vv_by_vh,permutation_entropy_vv_by_vh
0.011930231004953384,0.4107057750225067,0.39877554401755333,0.14124030557771525,0.35035544654159306,0.38985429721536513,0.0026728182565420866,0.07601426541805267,0.07334144716151059,0.02274686484856324,0.043279950889933944,0.38985429721536513,1.3325370876166949,41.740932290392834,40.40839520277614,8.627732973776643,0.15814936545652156,0.38985429721536513
0.007153227925300598,0.3390219807624817,0.3318687528371811,0.09133000286029917,-0.0672415934764979,0.33396271194589644,0.0021089755464345217,0.055057231336832047,0.052948255790397525,0.02284059881432248,0.02576915842500039,0.33396271194589644,0.5014558202971023,19.25847625425578,18.757020433958676,5.119462557031103,-0.17643176445577557,0.33396271194589644
0.010744435712695122,0.7223880290985107,0.7116435933858156,0.1755681733068611,0.22906535883194515,0.33396271194589644,0.0032889205031096935,0.05425455421209335,0.05096563370898366,0.021845660638064146,-0.10342863571554001,0.33396271194589644,1.6308315649847813,35.14431239081093,33.51348082582615,8.902166018707799,0.029464518721033815,0.33396271194589644
0.004540665540844202,0.43180611729621887,0.42726545175537467,0.11755839391197595,0.21939450172476627,0.38985429721536513,0.002995444927364588,0.07569241523742676,0.07269697031006217,0.02685894943877227,0.2463998842062585,0.38985429721536513,1.5158567928802182,22.864404358879188,21.34854756599897,5.037074339019674,-0.10363806149016551,0.38985429721536513
0.01102436613291502,0.3567734956741333,0.3457491295412183,0.11588027374818921,0.036304856428886374,0.33396271194589644,0.0015895831165835261,0.09001298248767853,0.088423399371095,0.02301984652045316,-0.1395122690773715,0.33396271194589644,1.372445945036481,21.893629569630043,20.52118362459356,8.472466201203364,0.00743203679477353,0.33396271194589644
0.012692120857536793,0.4888943135738373,0.4762021927163005,0.15837139951893026,0.09560417088442243,0.38985429721536513,0.002153641078621149,0.06577365100383759,0.06362000992521644,0.034395999947769776,0.617223689839992,0.38985429721536513,1.3170522116846808,91.08337402662474,89.76632181494006,11.608936813803844,0.06409385414882986,0.38985429721536513
0.02130899392068386,0.5509935617446899,0.5296845678240061,0.1214454263182623,0.28135364805076013,0.33396271194589644,0.0027333965990692377,0.0854308232665062,0.08269742666743696,0.0274824861802959,0.03591354396399875,0.31055082177366533,1.06273353812623,35.11298728826442,34.05025375013819,7.3556198556237415,0.5320288383469775,0.33396271194589644
0.01511713583022356,0.34887221455574036,0.3337550787255168,0.09840862778946757,0.3403327466874224,0.38985429721536513,0.001986152259632945,0.03723366931080818,0.03524751705117524,0.01959404188932644,0.1886774521707795,0.37364606555766666,1.3845101021978936,31.114545702369306,29.730035600171412,6.383104548658735,0.46530810315492627,0.38985429721536513
0.01643405295908451,0.6841585040092468,0.6677244510501623,0.12979984146853288,0.046106451366379544,0.3499767707289835,0.009242107160389423,0.04011309891939163,0.03087099175900221,0.02250755373388529,0.5077976693664302,0.3499767707289835,1.1345850989080837,56.70900178407924,55.57441668517116,7.437798424202307,-0.015204156273067631,0.3499767707289835
0.011119659058749676,0.3883645236492157,0.377244864590466,0.10872435631851356,0.267103458582262,0.38985429721536513,0.005421042442321777,0.09418047219514847,0.08875942975282669,0.029349319067680173,0.3479242459080705,0.38985429721536513,0.8145757425980763,15.147963653596582,14.333387910998505,4.159686196602647,0.10901822029355736,0.38985429721536513
0.030676420778036118,0.22123011946678162,0.1905536986887455,0.12472271753682031,0.04626119604140101,0.3574378338999682,0.004268474876880646,0.058012597262859344,0.0537441223859787,0.025657947408035398,0.16165256650301094,0.38985429721536513,0.6571966804853487,31.872152893572444,31.214956213087095,7.5866978149819495,0.4554992125614876,0.38985429721536513
0.01895662024617195,0.26583585143089294,0.246879231184721,0.1095838990683357,0.17801975244042845,0.37364606555766666,0.0031081996858119965,0.10122882574796677,0.09812062606215477,0.02852676710527804,0.29222306779654417,0.38985429721536513,0.9454126582438727,25.707007342618347,24.761594684374476,6.246341001178964,0.338558499132816,0.38985429721536513
0.019654499366879463,0.3807453513145447,0.3610908519476652,0.1040085314639977,0.1224932401905044,0.33396271194589644,0.002822072012349963,0.091224305331707,0.08840223331935704,0.029958533472381532,-0.16450879301933577,0.33396271194589644,0.5879875156232675,11.975491746047428,11.387504230424161,4.5057266428075184,0.1759793227885363,0.33396271194589644
0.013551412150263786,0.34692201018333435,0.33337059803307056,0.13888160941294497,0.38740498882876856,0.37364606555766666,0.0031690930482000113,0.09369964897632599,0.09053055592812598,0.02964198132718189,0.23296263621529384,0.38985429721536513,1.4092913550336288,51.32302865523726,49.91373730020363,7.941459759348662,0.4017622627225192,0.38985429721536513
0.022378500550985336,0.2694597542285919,0.24708125367760658,0.08195889834314585,0.09732552833442605,0.33396271194589644,0.00313608068972826,0.07649603486061096,0.0733599541708827,0.023513616927500283,0.050670387637344834,0.33396271194589644,1.3526189514488833,20.976081041006843,19.62346208955796,4.9717011220885805,-0.0942981621229623,0.33396271194589644
0.016688480973243713,0.4485420882701874,0.43185360729694366,0.13549172667165596,0.22194715497123513,0.32890606957397545,0.006989345420151949,0.06308145076036453,0.056092105340212584,0.0241912719172736,0.12484073163826298,0.3499767707289835,0.8479080709337589,13.467938713599839,12.62003064266608,5.62778939566664,0.3462820921400243,0.3499767707289835
0.015091951936483383,0.6011800169944763,0.5860880650579929,0.13624555271651065,0.4272987609270371,0.33396271194589644,0.005110964644700289,0.0724373459815979,0.06732638133689761,0.02827816779193069,0.1443102865684608,0.33396271194589644,1.1300944516730724,28.681759046114603,27.55166459444153,5.9223923363121385,0.17704411462912079,0.33396271194589644
0.01492965966463089,0.2885156571865082,0.2735859975218773,0.10234088118055037,0.21892236813240312,0.33396271194589644,0.003934958018362522,0.07622163742780685,0.07228667940944433,0.024062634811603596,-0.028121198919226213,0.33396271194589644,0.9771013941400749,46.299307396476564,45.322206002336486,7.632915203528552,-0.07033962217798362,0.33396271194589644
0.016352437436580658,0.5556106567382812,0.5392582193017006,0.11703752194132123,0.17190385854219786,0.33396271194589644,0.004595884587615728,0.06440099328756332,0.059805108699947596,0.02734486336287643,0.28854762061405204,0.33396271194589644,1.3083209220765328,59.18620045824527,57.877879536168734,7.770801303321038,0.084036886851443,0.33396271194589644
0.027357572689652443,0.30318713188171387,0.2758295591920614,0.10127451258401075,0.3453747340968778,0.32890606957397545,0.0058701615780591965,0.03580175340175629,0.02993159182369709,0.018982349957029025,0.0938662915019268,0.3499767707289835,1.6020763366838715,30.04814833753642,28.44607200085255,6.831881688307714,0.3822837412001058,0.3499767707289835
0.02603026293218136,0.5578616857528687,0.5318314228206873,0.1602757850040992,-0.1719874193958267,0.3499767707289835,0.0029719958547502756,0.07202749699354172,0.06905550113879144,0.02545788000958661,0.42216793828352533,0.3499767707289835,1.740321872800908,21.69262084412986,19.95229897132895,7.487245615021206,0.20612468477383025,0.3499767707289835
0.02868480235338211,0.2763191759586334,0.2476343736052513,0.10202860326639243,0.11429260508526194,0.33396271194589644,0.0027876554522663355,0.0794789120554924,0.07669125660322607,0.027971988726806427,0.05115590292987232,0.33396271194589644,0.7008513868132662,20.315911151637604,19.615059764824338,6.326491243443608,0.333374920631629,0.33396271194589644
0.008978080004453659,0.5556392669677734,0.5466611869633198,0.12003863313131863,-0.02659635462554697,0.38985429721536513,0.0032167157623916864,0.07184700667858124,0.06863029091618955,0.03169679547297872,0.4117602160166355,0.38985429721536513,0.7730349649131971,28.238466053470948,27.46543108855775,6.375250185030249,0.5434269660093654,0.38985429721536513
0.012471478432416916,0.35666409134864807,0.34419261291623116,0.13291914122445242,-0.1975331968985802,0.33396271194589644,0.005372593645006418,0.08235298842191696,0.07698039477691054,0.032156148592808416,0.09304772125633906,0.33396271194589644,1.2176815086918928,35.98904260549864,34.77136109680674,6.0795868019825265,-0.1804228609621115,0.33396271194589644
0.027897875756025314,0.31925469636917114,0.29135682061314583,0.1518292173743248,0.48513410597051043,0.3499767707289835,0.00844191201031208,0.08488338440656662,0.07644147239625454,0.03190962069978317,-0.24708257712087922,0.3499767707289835,0.584284764877153,35.63710034184153,35.05281557696438,9.527597763716784,0.529441584553231,0.32890606957397545
0.008780468255281448,0.6385976076126099,0.6298171393573284,0.1535763017833233,-0.18879883675540496,0.3499767707289835,0.003371459897607565,0.07395883649587631,0.07058737659826875,0.03192605242754022,0.37145596643422285,0.3499767707289835,1.1115676884604093,29.287472378499288,28.17590469003888,6.134572109335591,-0.09531238541735114,0.3499767707289835
0.012479227967560291,0.38288870453834534,0.37040947657078505,0.09232148015871644,-0.014994787989366997,0.38985429721536513,0.002854171907529235,0.06839055567979813,0.06553638377226889,0.0237429310929858,-0.16255039253073197,0.38985429721536513,1.2085032460060816,43.29531352543016,42.08681027942408,6.183678646415089,0.04277738316759448,0.38985429721536513
0.027376271784305573,0.3052344024181366,0.277858130633831,0.10802736771958214,0.386848096250719,0.33396271194589644,0.0074597131460905075,0.09297916293144226,0.08551944978535175,0.025281716736831834,-0.18432738066928187,0.33396271194589644,1.5657706215569216,17.943112948291844,16.377342326734922,5.810209542021684,-0.10651928147067834,0.33396271194589644
0.01904665119946003,0.4473709166049957,0.4283242654055357,0.1689284671364086,-0.14766177173487477,0.33396271194589644,0.0017847174312919378,0.062037575989961624,0.060252858558669686,0.02781153255740979,0.3768975321670285,0.33396271194589644,1.9932456811366506,19.975351161733045,17.982105480596395,7.193410300550831,0.33361095400794855,0.33396271194589644
0.020276501774787903,2.5051333904266357,2.484856888651848,0.28309979223247084,-0.10899444767689145,0.33396271194589644,0.002513356041163206,0.10325499624013901,0.1007416401989758,0.032580394397622774,0.09380520637641812,0.33396271194589644,0.4990866286309751,24.261619114299076,23.7625324856681,6.643717922857428,-0.04966716292356541,0.33396271194589644
0.024743854999542236,0.5844221711158752,0.559678316116333,0.1385445035994053,0.17062651031800194,0.33396271194589644,0.006125280633568764,0.12945999205112457,0.12333471141755581,0.030526807066053152,0.0715529156196045,0.33396271194589644,1.2127920844890985,19.686143507075865,18.473351422586767,6.250272606668253,0.1638275062581566,0.33396271194589644
0.009912702254951,0.39216142892837524,0.38224872667342424,0.1206272813225431,0.2943830622711546,0.33396271194589644,0.004678619559854269,0.10287065804004669,0.09819203848019242,0.03265069641305932,0.1553691802288924,0.33396271194589644,0.45373807150628526,17.387373013873734,16.933634942367448,5.6807282771289005,0.28939476956052707,0.33396271194589644
0.023763496428728104,0.2833034098148346,0.2595399133861065,0.11071929062406222,-0.13780383004504507,0.3499767707289835,0.0030666107777506113,0.08318165689706802,0.08011504611931741,0.02370327051418523,0.13216673964720976,0.3499767707289835,1.0288511223971295,24.2630833678142,23.234232245417072,7.653207672803585,0.16841309808381938,0.3499767707289835
0.021736692637205124,0.7308745980262756,0.7091379053890705,0.15620575174689294,-0.011031542192498807,0.3499767707289835,0.0033711055293679237,0.05584503710269928,0.052473931573331356,0.023673553920040526,0.5404188032594035,0.3499767707289835,1.163490952949349,41.89195636236308,40.72846540941374,9.045023203739948,0.07050691831703344,0.3499767707289835
0.028008468449115753,0.30041277408599854,0.2724043056368828,0.10226872737209002,0.13692577127328556,0.3499767707289835,0.0024007803294807673,0.07712531834840775,0.07472453801892698,0.03004505899734795,0.17936930756564393,0.3499767707289835,0.8629168569507272,29.199666035415802,28.336749178465077,5.880382260960827,0.20127004486676156,0.3499767707289835
0.026134489104151726,0.4104841649532318,0.3843496758490801,0.11679548683265845,-0.06290533089449124,0.3499767707289835,0.007936709560453892,0.06850714981555939,0.060570440255105495,0.02929815500974655,-0.019124698101186253,0.32890606957397545,0.7385204375693144,34.244093559527464,33.50557312195815,6.1032599505930385,0.15386837717652319,0.3499767707289835
0.044969867914915085,0.596269428730011,0.5512995608150959,0.1604096865547555,-0.11175008774074596,0.33396271194589644,0.006899456959217787,0.0787402093410492,0.07184075238183141,0.027733394842860953,-0.161051488789493,0.33396271194589644,1.3142618586437966,32.862660604951905,31.54839874630811,7.386246632795583,0.11777795926639945,0.33396271194589644
0.011692189611494541,0.6691836714744568,0.6574914818629622,0.12917776891429508,0.093038446909638,0.33396271194589644,0.0038224998861551285,0.05847436562180519,0.05465186573565006,0.030693837574550083,0.6107108089820702,0.33396271194589644,0.8309207338083081,15.49123601924083,14.660315285432523,4.101703569918358,0.007964565127067235,0.33396271194589644
0.015902509912848473,0.3232102692127228,0.3073077592998743,0.11974546946585178,0.08700816090886612,0.3499767707289835,0.004595370031893253,0.16025172173976898,0.15565635170787573,0.03507572170346975,0.15850149225138963,0.3499767707289835,0.7211913348526543,18.14317641893646,17.421985084083804,5.165927521934789,0.025159040342394606,0.3499767707289835
0.04784557968378067,0.4694594442844391,0.4216138646006584,0.18258514814078808,0.35775084495204856,0.33396271194589644,0.006473878864198923,0.08421812206506729,0.07774424320086837,0.036012803769803474,-0.012895514696803776,0.33396271194589644,0.9735544042299127,36.35240323569047,35.37884883146055,8.148994665658206,0.14872432359857615,0.33396271194589644
0.03319748118519783,0.27768704295158386,0.24448956176638603,0.11661496584614119,0.38762529597493733,0.3499767707289835,0.004024352878332138,0.06006874516606331,0.05604439228773117,0.022813177853822707,-0.1917686847300334,0.32890606957397545,1.1094458031631487,17.605550047719156,16.496104244556008,6.967221251476743,0.24676746080551215,0.3499767707289835
0.013140040449798107,0.6130189895629883,0.5998789491131902,0.15774304067183817,0.13176154849322702,0.33396271194589644,0.004669794347137213,0.06331310421228409,0.058643309865146875,0.03343839630750673,0.24215340145022998,0.33396271194589644,1.2452014477186544,62.76793934777121,61.522737900052554,8.13876439637511,-0.01615040039559886,0.33396271194589644
0.007182382047176361,0.2001403570175171,0.19295797497034073,0.08062491157195634,0.29861172501426114,0.38985429721536513,0.002464179415255785,0.09329178184270859,0.0908276024274528,0.025359799632699125,-0.16571517942092875,0.38985429721536513,0.9117183312769549,16.713655600142484,15.80193726886553,4.230192654006951,0.07517309543637513,0.37364606555766666
0.015742309391498566,0.3162387013435364,0.3004963919520378,0.10597500776251158,-0.18356792204845124,0.3499767707289835,0.004007468465715647,0.05207185447216034,0.04806438600644469,0.02857616844897469,0.3350734207390629,0.3499767707289835,1.0494107054261586,43.05885114377565,42.009440438349486,6.045450413953534,0.012499585603682582,0.3499767707289835
0.015390201471745968,0.3357766270637512,0.32038642559200525,0.10543276762057628,-0.31266865362850427,0.33396271194589644,0.0032589964102953672,0.06551039218902588,0.06225139577873051,0.027411926155244664,0.24302512767347773,0.33396271194589644,1.0759303772857594,19.850962652971013,18.775032275685255,5.150077510487522,0.27753166047415795,0.33396271194589644
0.01207026094198227,0.2954595386981964,0.28338927775621414,0.12178685081501801,-0.35938527841579,0.38985429721536513,0.0016207135049626231,0.03485708683729172,0.033236373332329094,0.019963559636380523,0.3831945523643097,0.38985429721536513,1.215715541016993,26.11731789722661,24.901602356209615,8.21453058195446,-0.13083163719721602,0.38985429721536513
0.022794589400291443,0.5706270337104797,0.5478324443101883,0.14701961912214756,0.1770352639364514,0.33396271194589644,0.015373719856142998,0.04814881831407547,0.03277509845793247,0.02996792285037892,0.17068329337178287,0.33396271194589644,1.1520540508721786,21.07511789152686,19.923063840654684,5.063386566138191,0.10002600437737834,0.33396271194589644
0.006448907777667046,0.39333614706993103,0.386887239292264,0.12420359266300997,-0.02144793326950471,0.3499767707289835,0.001931235077790916,0.07310643047094345,0.07117519539315253,0.028984751746368904,-0.007037168100061722,0.3499767707289835,1.1415797535853156,48.644145764094205,47.502566010508886,7.501953832525931,-0.014533723637902974,0.3499767707289835
0.02675134502351284,0.45126819610595703,0.4245168510824442,0.13322375887738808,0.3660190552188692,0.33396271194589644,0.016189344227313995,0.12711556255817413,0.11092621833086014,0.03228616302034685,0.06461756006113242,0.33396271194589644,1.279950978458638,13.147762512671678,11.86781153421304,4.318751773997563,0.5165510634967789,0.33396271194589644
0.02612072229385376,0.5399552583694458,0.513834536075592,0.20077620653642547,0.38241593904634497,0.38985429721536513,0.012381397187709808,0.04182353988289833,0.029442142695188522,0.027409840375185013,0.15542811773313644,0.38985429721536513,1.8117798203019362,33.21817444481253,31.406394624510597,8.444569376504028,0.4282357279616848,0.37364606555766666
0.013181764632463455,0.3996374011039734,0.38645563647150993,0.1206581446652611,0.5553513769682532,0.38985429721536513,0.0038330580573529005,0.06249969080090523,0.05866663274355233,0.028741041987410024,0.24088587876009826,0.38985429721536513,0.9749986484579934,27.388903853891208,26.413905205433213,5.99287130430864,0.5027380624002357,0.38985429721536513
0.014922425150871277,0.3115791976451874,0.2966567724943161,0.11562497057020664,-0.2138013790033102,0.3499767707289835,0.005953439511358738,0.0748504102230072,0.06889697071164846,0.023163397051393985,0.38274743480076096,0.3499767707289835,1.494647556123418,29.168989059306085,27.674341503182667,6.424980116917575,-0.08697516272083078,0.3499767707289835
0.01791463978588581,0.2519054412841797,0.23399080149829388,0.10715106369129249,-0.06898909657157548,0.33396271194589644,0.009538180194795132,0.1321135312318802,0.12257535103708506,0.025027143702443157,-0.14887623093137484,0.33396271194589644,1.5452940166978761,21.92683295185047,20.381538935152594,5.684089302012424,0.14249434601320013,0.33396271194589644
0.014518171548843384,0.3457237482070923,0.3312055766582489,0.12735266163945197,0.3558565066048749,0.3499767707289835,0.005585340782999992,0.06875629723072052,0.06317095644772053,0.030398413166403772,0.44042591143231113,0.3499767707289835,0.38805997197781444,25.647753446877534,25.25969347489972,7.246098347625415,0.6530145904566036,0.3499767707289835
0.012356308288872242,0.5350490212440491,0.5226927129551768,0.14500097511336207,-0.13891940506093703,0.33396271194589644,0.0034041686449199915,0.07244554162025452,0.06904137297533453,0.029278373628455614,0.3477815663862869,0.33396271194589644,0.7060677169357954,47.255474577773455,46.54940686083766,9.310430706607493,0.06763050799817222,0.33396271194589644
0.0368887223303318,0.47744178771972656,0.44055306538939476,0.16409493312239648,0.49567186271940095,0.3499767707289835,0.010464334860444069,0.05880222097039223,0.04833788610994816,0.03240758919467528,0.1225233299060559,0.32890606957397545,1.0000596073839745,30.190694655052326,29.19063504766835,6.581319527287372,0.2483781599196063,0.3499767707289835
0.024897120893001556,0.2604336142539978,0.23553649336099625,0.10554735288023949,0.20350191128744533,0.3499767707289835,0.00798523984849453,0.09973175823688507,0.09174651838839054,0.03367612982789676,0.29715824231680515,0.3499767707289835,0.8590601357205581,15.260805435091864,14.401745299371306,4.350543211147243,-0.056650879483909705,0.3499767707289835
0.005933165084570646,0.2251286655664444,0.21919550048187375,0.08693267389511068,0.15957451611183082,0.3499767707289835,0.0033202702179551125,0.07912309467792511,0.07580282445997,0.028597857632363836,0.2568048645115847,0.3499767707289835,0.7964057342388686,67.8043203679659,67.00791463372703,7.882736429621534,-0.02491113466777515,0.3499767707289835
0.02154451422393322,0.2698157727718353,0.2482712585479021,0.11552093563867467,0.5505013513754162,0.33396271194589644,0.0036508480552583933,0.046144552528858185,0.04249370447359979,0.023806592699007263,0.0176287760605812,0.33396271194589644,1.8370705541060774,11.31260203160426,9.475531477498183,5.632809032973781,0.5189525808937485,0.33396271194589644
0.01506373006850481,0.38916274905204773,0.3740990189835429,0.1266225474620504,0.5601735894576336,0.33396271194589644,0.004617851227521896,0.15222904086112976,0.14761118963360786,0.032068594824522734,-0.24698125661155237,0.33396271194589644,0.866957431091247,20.397280494853092,19.530323063761845,5.626793208805359,0.21403509844530016,0.33396271194589644
0.005161731969565153,0.4018666446208954,0.39670491265133023,0.1265254206696732,0.4033491326886667,0.38985429721536513,0.004408590495586395,0.0873536691069603,0.0829450786113739,0.033745425339374274,0.03628758128462684,0.38985429721536513,0.8748570874746988,29.368843209272555,28.493986121797857,4.992938967387596,0.05267936230855839,0.38985429721536513
0.026552366092801094,0.36501023173332214,0.33845786564052105,0.12846716592709223,0.23336009746877726,0.3499767707289835,0.008438426069915295,0.10737953335046768,0.09894110728055239,0.029110617749392987,0.24464372623453134,0.3499767707289835,1.4916242066142043,35.458890276690816,33.96726607007661,6.055489946807956,0.050469761139888394,0.3499767707289835
0.020940294489264488,0.2333628237247467,0.21242252923548222,0.09874895587563515,-0.12178241701363503,0.33396271194589644,0.0023194937966763973,0.052623581141233444,0.05030408734455705,0.025593999074772,0.4159284566638455,0.33396271194589644,0.8684723546050823,64.26517006871006,63.39669771410498,8.72367209113106,0.2791160801965382,0.33396271194589644
0.018117252737283707,0.20705059170722961,0.1889333389699459,0.08879820856132678,0.16576722989494105,0.33396271194589644,0.0037307862658053637,0.04706288129091263,0.043332095025107265,0.01999473646615765,0.2584686231901063,0.33396271194589644,2.0854619119114335,13.798031591517638,11.712569679606204,5.997627792951639,-0.24864290894128388,0.33396271194589644
0.035522766411304474,0.2902328073978424,0.25471004098653793,0.1272429097443819,-0.058356575161186364,0.38985429721536513,0.009099225513637066,0.07690559327602386,0.0678063677623868,0.03516571052993337,0.5435362175291936,0.38985429721536513,0.9832772621388106,11.293379274490443,10.310102012351631,4.858210977741937,0.3020689518515159,0.38985429721536513
0.0047171274200081825,0.40243780612945557,0.3977206787094474,0.10430540746698777,0.14181802563765283,0.3499767707289835,0.003029101761057973,0.035344041883945465,0.03231494012288749,0.01853070897050202,0.25877877358000945,0.3499767707289835,0.8628165971387346,34.42125362920069,33.55843703206196,7.788464309591991,0.03589993512905179,0.3499767707289835
0.024044154211878777,0.2018841654062271,0.17784001119434834,0.10075019465552436,0.392251549077246,0.38985429721536513,0.0034400264266878366,0.04876566305756569,0.04532563663087785,0.02031685402875559,0.38186659745169327,0.38985429721536513,1.2558440198273044,43.10466864300897,41.84882462318166,8.541995618978975,0.3577005807479041,0.38985429721536513
0.01439723838120699,0.26957976818084717,0.2551825297996402,0.11655663928637902,-0.044936077441166594,0.3499767707289835,0.007311660796403885,0.0807628408074379,0.07345118001103401,0.02625041948631406,0.16324043740372954,0.3499767707289835,1.2341558927927192,21.287021086867412,20.05286519407469,6.417836477545527,0.3206954471501429,0.3499767707289835
0.010586527176201344,0.7060825228691101,0.6954959956929088,0.15084330954899391,0.15015859982041296,0.3499767707289835,0.004597887396812439,0.06740332394838333,0.06280543655157089,0.022385373525321484,-0.12077617785665745,0.3499767707289835,0.9006082057314807,36.40270418299256,35.50209597726108,8.294559221183905,0.537837430701628,0.3499767707289835
0.012410769239068031,1.116719365119934,1.104308595880866,0.18142448345731413,0.053268777635727675,0.33396271194589644,0.0033936365507543087,0.08042966574430466,0.07703602919355035,0.0307782582739102,0.24185980892562894,0.33396271194589644,1.3143806236798514,44.398379858753806,43.083999235073954,6.970865726743164,0.016591788848621922,0.33396271194589644
0.017438603565096855,0.732330322265625,0.7148917187005281,0.15538521643195832,-0.03083845928233409,0.33396271194589644,0.013073076494038105,0.0668669119477272,0.0537938354536891,0.0297028202164386,-0.18391369259955365,0.33396271194589644,0.9268358807096662,10.952058363905302,10.025222483195636,4.891277587994774,0.39273307422574455,0.31055082177366533
0.03241090849041939,0.2094152569770813,0.1770043484866619,0.0893348050614198,0.30712581388577864,0.3499767707289835,0.004230909515172243,0.06126844882965088,0.057037539314478636,0.02282731346786022,0.3706401267674149,0.3499767707289835,1.1449230432093505,32.525320309947084,31.380397266737734,6.387899092688425,0.18326076538959818,0.3499767707289835
0.016904089599847794,0.4598529636859894,0.4429488740861416,0.15828529226460628,0.10508648685689342,0.33396271194589644,0.005089153535664082,0.050675079226493835,0.045585925690829754,0.025218625918829014,0.4011546270915918,0.33396271194589644,1.057177648893168,45.72986144756193,44.672683798668764,8.42479612321657,0.34277788472705134,0.33396271194589644
0.035209089517593384,0.42282408475875854,0.38761499524116516,0.16368162114587095,0.24476909489049473,0.38985429721536513,0.009949254803359509,0.10532072186470032,0.09537146706134081,0.029601968462682433,-0.17788970055352904,0.38985429721536513,1.09665731290916,26.24203852876143,25.14538121585227,7.206049969318108,0.2670960084227122,0.38985429721536513
0.04358077794313431,0.4210641086101532,0.3774833306670189,0.15636671235164007,0.11599001956901622,0.3499767707289835,0.004646443296223879,0.06236747279763222,0.05772102950140834,0.02524806810542941,0.09368898695145182,0.3499767707289835,0.7286001414078823,46.94722885309227,46.21862871168439,11.001887473229766,0.1648209590214964,0.3499767707289835
0.014023495838046074,0.38631510734558105,0.372291611507535,0.1338668436344181,0.23269472139161737,0.33396271194589644,0.0025211910251528025,0.10906141251325607,0.10654022148810327,0.024874567769334784,0.060035804775518224,0.33396271194589644,0.9784632338448123,13.268226404352667,12.289763170507856,6.594992781403898,0.225744560748897,0.33396271194589644
0.019969509914517403,0.2178811877965927,0.1979116778820753,0.08224098744491735,0.2127286464011795,0.3499767707289835,0.004390651360154152,0.051021408289670944,0.04663075692951679,0.025595140860726437,0.4642306161532199,0.3499767707289835,1.0216617269302537,29.447172761925774,28.42551103499552,6.24009125252749,0.4664248949765951,0.3499767707289835
0.010779619216918945,0.5061578750610352,0.4953782558441162,0.10158915019461087,-0.09796335921698995,0.33396271194589644,0.0031703903805464506,0.09525700658559799,0.09208661620505154,0.02607396973430046,-0.1281851951908329,0.33396271194589644,1.0632307865681807,11.126006161688094,10.062775375119914,4.634371555504118,0.18343956086697383,0.33396271194589644
0.008751989342272282,0.1861133724451065,0.17736138310283422,0.10810092743486166,-0.12409824223498574,0.3499767707289835,0.003091660561040044,0.09389139711856842,0.09079973655752838,0.030316076070691148,0.04089920000677799,0.3499767707289835,0.8077252697809614,37.68941058213058,36.88168531234962,10.143985398059177,0.19757111505455424,0.3499767707289835
0.022913958877325058,0.5808747410774231,0.557960782200098,0.10828752952317397,-0.11130892350354774,0.3499767707289835,0.003166637849062681,0.0751049742102623,0.07193833636119962,0.025313738702485957,0.19574736715734756,0.3499767707289835,1.3239395288208902,14.719925505142761,13.395985976321871,5.195160700975953,0.2527384377618603,0.3499767707289835
0.01362139917910099,0.3398028314113617,0.3261814322322607,0.13235621533489653,0.22939244612933943,0.31055082177366533,0.0035323365591466427,0.05674915760755539,0.05321682104840875,0.02322708457774882,0.034690200849823064,0.33396271194589644,1.8603001256174883,14.943257470384655,13.082957344767166,5.889996502625893,0.03417980443194006,0.33396271194589644
0.025220321491360664,0.571229875087738,0.5460095535963774,0.15900648745397727,0.1523583351798008,0.3499767707289835,0.0062101189978420734,0.13426493108272552,0.12805481208488345,0.03461220590397716,0.0633122061088655,0.3499767707289835,1.2819908874880679,41.722008282998736,40.440017395510665,8.079856399652726,0.20392587581986826,0.3499767707289835
0.09487670660018921,0.8383110761642456,0.7434343695640564,0.27214943518241247,0.15579349955739727,0.3499767707289835,0.012139160186052322,0.06500004976987839,0.052860889583826065,0.03590655947724978,-0.014450595836498978,0.3499767707289835,1.9001418525648022,64.6494024957395,62.74926064317469,12.100549058170797,0.1426548865781279,0.3499767707289835
0.04020952060818672,0.6332957148551941,0.5930861942470074,0.17859744865979468,-0.061031052663195445,0.33396271194589644,0.003722759895026684,0.05170459300279617,0.04798183310776949,0.026051012067390338,0.17491650763427435,0.33396271194589644,1.7561107742479056,53.279584579828125,51.52347380558022,10.097695172245968,0.39421072556293535,0.33396271194589644
0.00872202031314373,0.48874005675315857,0.48001803644001484,0.17670643044014772,-0.04498671881110106,0.3499767707289835,0.0049852048978209496,0.07527363300323486,0.07028842810541391,0.027196408715099096,0.16777775888954768,0.3499767707289835,1.7495811088840412,40.259388040863556,38.50980693197951,9.19632921079607,-0.06451879178193777,0.3499767707289835
0.007733661215752363,0.3695739805698395,0.3618403193540871,0.13663384168674902,0.3929515069643885,0.33396271194589644,0.003986326511949301,0.07923614978790283,0.07524982327595353,0.028231832265321697,0.503504846951808,0.33396271194589644,1.1621700563125072,28.241680085993046,27.079510029680538,6.609586528881009,0.06644966330357,0.33396271194589644
0.006397401448339224,1.0305681228637695,1.0241707214154303,0.17450865065782434,0.196780826910624,0.38985429721536513,0.004549908917397261,0.09070205688476562,0.08615214796736836,0.03067263847010003,0.23945752693952688,0.38985429721536513,0.6954802297281197,60.30895760913451,59.61347737940639,8.62004970206231,0.3037823041868978,0.38985429721536513
0.015996815636754036,0.42281097173690796,0.4068141561001539,0.07814576476812363,-0.07483282775241339,0.3499767707289835,0.002916899975389242,0.054736021906137466,0.051819121930748224,0.019445054729779563,0.6122096106262649,0.3499767707289835,0.7293308432227131,20.693441381179905,19.964110537957193,4.936462857539597,-0.12160603390118238,0.3499767707289835
0.02379542589187622,0.5774267911911011,0.5536313652992249,0.13510901627263852,0.4079922849769425,0.33396271194589644,0.002882160246372223,0.0727369412779808,0.06985478103160858,0.028607174471419836,0.32905346452740863,0.33396271194589644,1.3427362516571717,12.014935349778176,10.672199098121004,5.344421909278618,0.4649353690181326,0.33396271194589644
0.01619613543152809,0.3070017993450165,0.2908056639134884,0.12053441752990086,-0.17807889210427638,0.3499767707289835,0.001985714305192232,0.08607099205255508,0.08408527774736285,0.03073004921898246,-0.0019325196858863097,0.3499767707289835,0.7402127210781667,16.42592422793108,15.685711506852913,5.583079548307241,0.49074128306544523,0.3499767707289835
0.007723244838416576,0.4895245134830475,0.4818012686446309,0.1389056785032153,0.12289208648988348,0.3499767707289835,0.003553566290065646,0.11982885748147964,0.116275291191414,0.03739076174485187,0.31910459351960535,0.3499767707289835,1.0014540902219502,13.848585716501935,12.847131626279985,4.980123710749368,0.15752729111137828,0.3499767707289835
0.033903367817401886,0.3826335072517395,0.3487301394343376,0.14186798135439554,0.17564188330511282,0.32890606957397545,0.0073481290601193905,0.07721773535013199,0.0698696062900126,0.02999091660603881,0.3100899139704471,0.3499767707289835,1.1143237156096015,10.907635482638094,9.793311767028491,5.516091740960612,0.022425469456695803,0.3499767707289835
0.02932102233171463,0.3625219166278839,0.3332008942961693,0.10749413764902524,0.2015924527760169,0.33396271194589644,0.005728587508201599,0.09688746184110641,0.09115887433290482,0.029196862364187837,-0.1330984748183476,0.33396271194589644,0.8767501924665645,13.388484226963815,12.51173403449725,4.913099505328603,0.38964169209204,0.33396271194589644
0.041207268834114075,0.3211127519607544,0.2799054831266403,0.165977693349123,0.3321117864369717,0.3499767707289835,0.004448552615940571,0.13417749106884003,0.12972893845289946,0.04128983231882254,0.2570223163290056,0.3499767707289835,1.4512748372652853,34.16896189636375,32.71768705909846,9.623946601113081,0.42827055505366496,0.3499767707289835
0.022196903824806213,0.6929033398628235,0.6707064360380173,0.17767480239272118,0.35522012324187197,0.3499767707289835,0.003922553732991219,0.09075989574193954,0.08683734200894833,0.02897203831622998,0.09619980742651611,0.3499767707289835,0.9879168259238778,41.46878657087814,40.48086974495426,10.392592861094117,0.20138585812613893,0.3499767707289835
0.023898392915725708,0.8981175422668457,0.87421914935112,0.20691820553370885,0.1850446106705488,0.33396271194589644,0.015653463080525398,0.1064903736114502,0.0908369105309248,0.0435033609558429,0.3366582989584602,0.33396271194589644,1.025524038781479,22.753402818596502,21.727878779815022,5.129810099919039,0.044293705520081474,0.33396271194589644
0.018948499113321304,0.25114569067955017,0.23219719156622887,0.09917282478676902,-0.11267421667835065,0.38985429721536513,0.0031968739349395037,0.08022969216108322,0.07703281822614372,0.031678729444845684,0.3330928022457244,0.37364606555766666,0.5876305121901457,18.51539478402833,17.927764271838186,5.46567063991081,0.6335661661327364,0.37364606555766666
0.0142425037920475,0.1896556317806244,0.1754131279885769,0.09659469074436597,-0.05381158882140635,0.33396271194589644,0.004715295508503914,0.04981973394751549,0.045104438439011574,0.025095902948773334,0.24707150873087946,0.33396271194589644,0.7003039839936505,21.82125532582996,21.12095134183631,6.565646649133574,0.6656511017702572,0.33396271194589644
0.016861889511346817,0.33833763003349304,0.3214757405221462,0.1343399876994746,0.10082240455300626,0.33396271194589644,0.0037127695977687836,0.05765503644943237,0.05394226685166359,0.025523054213928326,-0.18735821497273222,0.31055082177366533,0.7435700075187843,18.493308008215614,17.74973800069683,6.792144413370534,-0.19078318762279478,0.33396271194589644
0.02245228737592697,0.231777623295784,0.20932533591985703,0.08896383829414845,-0.2552182930880095,0.3499767707289835,0.005158118903636932,0.10849849879741669,0.10334037989377975,0.027176381585498652,-0.08525516967953184,0.3499767707289835,0.5765637748995325,11.699174465609747,11.122610690710214,4.554493120594211,0.14810058920482955,0.3499767707289835
